Item Id,Item Name,Price,Sales,Nome da loja,Commission Rate,Commission,Product Link,Offer Link
58262617617,COLCHÃO PET ORTOPÉDICO COMFORTWELL PREMIUM + MANTA PET + BRINQUEDO PET – KIT COMPLETO DE CONFORTO E DIVERSÃO,"49,25",0,TARGET_ACESSORIOS,8%,"R$3,94",https://shopee.com.br/product/1279959519/58262617617,https://s.shopee.com.br/1LgMUr1JtL
20299494383,Esfregador Giratório Elétrico Escova Limpeza Elétrica 360 Graus 25W,"78,99",494,SHR STORE,28%,"R$22,12",https://shopee.com.br/product/1063352009/20299494383,https://s.shopee.com.br/20w3I4ymXX
21449768277,Mini Umidificador Difusor Aromatizador Egg Portátil Usb Led Aromatizador De Ambiente Purificador De Ar Casa Escritório,"16,98",400mil+,Vida Criativa ,19%,"R$3,23",https://shopee.com.br/product/832031799/21449768277,https://s.shopee.com.br/80DGR6bwMk
22999032474,Garrafa Térmica Prisma 950 ml Para Chás/Café  Design Moderno Cabo Madeira,"56,91",10mil+,Bhz Store ltda,22%,"R$12,52",https://shopee.com.br/product/1399985810/22999032474,https://s.shopee.com.br/9APDpFXV01
15548762668,Cobre Leito Dupla Face 200 Fios Casal Queen King Grid Poa 03 Peças,"174,90",510,Valente Casa,3%,"R$5,25",https://shopee.com.br/product/321115152/15548762668,https://s.shopee.com.br/8pmNQdYlfz
22894944958,Utensílios Silicone Cozinha Antiaderente Fácil Limpeza Alta Resistência,"18,61",3mil+,sprochow,21%,"R$3,91",https://shopee.com.br/product/1653142226/22894944958,https://s.shopee.com.br/9Kie1YWrf8
9213649941,Kit 4 Blusa feminina básica t-shirt detalhe na manga,"75,50",6mil+,Naufal,19%,"R$14,35",https://shopee.com.br/product/383040704/9213649941,https://s.shopee.com.br/AKbBDOT3dM
26980788215,ROMANTIC CROWN Copo Térmico Inox Portátil 1200ml/600ml/1.2L Garrafa Térmica Inoxidável com Tampa e Canudo,"34,98",100mil+,Romantic.Crown.07,8%,"R$2,80",https://shopee.com.br/product/1350045638/26980788215,https://s.shopee.com.br/9zyKomUKJK
58251850550,Trio de Mesa Quadrado MDF para Festa Infantil Casamento Batismo Chá Revelação Chá de bebê decoração de festas e eventos,"45,54",1mil+,FESTA ARTE DECOR,13%,"R$5,92",https://shopee.com.br/product/818460160/58251850550,https://s.shopee.com.br/5fpLeokp6W
22796235063,Aspirador De Pó Usb Portátil Completo Linha Premium Carro E Casa 6000PA,"30,99",2mil+,P&H  Oficial,23%,"R$7,13",https://shopee.com.br/product/832040275/22796235063,https://s.shopee.com.br/5q8lr7kBlZ
58256674236,"Ração Golden para Gatos Castrados – Sabor Salmão – 10,1kg","164,90",254,LeluPets Express,23%,"R$37,93",https://shopee.com.br/product/1760624219/58256674236,https://s.shopee.com.br/5LCVGCm5mU
23299380564,Máquina Fazer Iogurte Natural Grego Iogurteira Elétrica 1Litro,"79,90",678,Variedades Importss,8%,"R$6,39",https://shopee.com.br/product/1610361070/23299380564,https://s.shopee.com.br/5VVvSVlSRX
22792008274,Secador de Cabelos GA.MA Italy Eleganza Plus Ceramic Ion 2100W,"159,99",6mil+,EU SOU SHOP,13%,"R$20,80",https://shopee.com.br/product/418231105/22792008274,https://s.shopee.com.br/6L52S2iHki
23197150685,3 Unidades Mini Umidificador Nano Atomização De Grande Capacidade Com Conexão Usb Ultrassônico De Ar 220ml Promoção,"17,99",10mil+,1000 Coisas Variedades,23%,"R$4,14",https://shopee.com.br/product/1007375842/23197150685,https://s.shopee.com.br/6VOSeLhePl
29379017291,E6S Cor Preta Fones De Ouvido Sem Fio TWS Bluetooth Com Microfone Estéreo Som Cancelamento Ruído LED Display Digital Fon,"18,51",100mil+,Choice Oficial,7%,"R$1,30",https://shopee.com.br/product/1006215031/29379017291,https://s.shopee.com.br/60SC3QjYQg
58267576096,Moldura A4 21x30 Porta Retrato Decorativo para Foto Diploma Certificado Parede,"22,90",1,Bem Te Vi Loja Online,33%,"R$7,56",https://shopee.com.br/product/551513323/58267576096,https://s.shopee.com.br/6AlcFjiv5j
19997980913,Conjunto Fitness Top Suplex Texturizado Legging Cintura Alta Confort Casual Versátil Academia Oferta,"77,90",21,Carioca Fit,32%,"R$24,93",https://shopee.com.br/product/515433918/19997980913,https://s.shopee.com.br/70KjFGfkOu
7282718770,5 calcinhas fio dental duplo sem costura na parte do bumbum não marca a roupa,"35,00",10mil+,Auvo Moda,33%,"R$11,55",https://shopee.com.br/product/296735539/7282718770,https://s.shopee.com.br/7Ae9RZf73x
19497977494,Kit de Alimentação para Bebê de Silicone 8 e 6 Peças Infantil Ventosa Canudo Colher Babador Garfo,"32,00",4mil+,DeinShop,33%,"R$10,56",https://shopee.com.br/product/916652740/19497977494,https://s.shopee.com.br/6fhsqeh14s
22892833180,40 Peças / 46 Peças Jogo De Chave Catraca Caixa De Ferramentas para Reparo de Carros / Conjuntos de Chaves,"28,99",400mil+,RISESHOP_brasil,19%,"R$5,51",https://shopee.com.br/product/832036467/22892833180,https://s.shopee.com.br/6q1J2xgNjv
22491618254,Fone Bluetooth Sem Fio De Ouvido  P9 TWS Macaron Headphone Fone de Ouvido  Envio Imediato,"22,99",100mil+,lojamegas,7%,"R$1,61",https://shopee.com.br/product/872424585/22491618254,https://s.shopee.com.br/7faQ2UdD36
23397429688,Camisola Sexy Com Renda Sem Bojo Costa Nua Sensual Pijama Roupa De Dormi Costas Abertas,"28,90",100mil+,LW MODA INTIMA,17%,"R$4,91",https://shopee.com.br/product/473056271/23397429688,https://s.shopee.com.br/7ptqEncZi9
22398421850,Capacete Race Tech Signal Escamoteavel Preto fosco Titanium Cinza,"550,90",299,CapaceteIlha,15%,"R$82,64",https://shopee.com.br/product/484696487/22398421850,https://s.shopee.com.br/7KxZdseTj4
23097753330,Macacão Feminino Duna Pantalona com Bojo e Cinto 003,"78,98",1mil+,Modas_Sarahi,12%,"R$9,48",https://shopee.com.br/product/1057900100/23097753330,https://s.shopee.com.br/7VGzqBdqO7
58257288693,【Fone De Ouvido Sem Fio Fone BluetoothTWS Compacto com Case | Som EstereoCompacto Tipo Airdots2,"39,00",20mil+,SORTUDO 1666,12%,"R$4,68",https://shopee.com.br/product/1142052307/58257288693,https://s.shopee.com.br/30oaTuuyWG
23897375986,Lixeira Banheiro Inox Pedal Cozinha + Escova Sanitária Inox Com Suporte Ou Opções Avulsos,"29,90",3mil+,dkings,18%,"R$5,38",https://shopee.com.br/product/374603871/23897375986,https://s.shopee.com.br/3B80gDuLBJ
23199020709,Cozedor de Ovos Elétrico Portátil Cozinha à Vapor 110V/220V Cores disponíveis （Branco Azul Rosa Amarelo）,"29,98",50mil+,PENGFA TECH LTDA,11%,"R$3,30",https://shopee.com.br/product/1531826276/23199020709,https://s.shopee.com.br/2gBk5IwFCE
22999437045,KIT 6 Toalhas Lyra (3 Banho + 3 Rosto) 100% Algodão - Majo Home.,"54,90",4mil+,MaJo Home,13%,"R$7,14",https://shopee.com.br/product/1788974094/22999437045,https://s.shopee.com.br/2qVAHbvbrH
22293834139,Arranhador para Gatos Interativo – Poste de Sisal + Brinquedos Suspensos,"19,97",6mil+,Amigo de Pata,11%,"R$2,20",https://shopee.com.br/product/1321212347/22293834139,https://s.shopee.com.br/3g4HH8sRAS
22197669830,Kit 3 pijamas baby dool sortidos SUEDE personagem,"42,99",20mil+,Proman Underwear Moda Íntima,11%,"R$4,73",https://shopee.com.br/product/1235860733/22197669830,https://s.shopee.com.br/3qNhTRrnpV
21099189142,Sapato Scarpin Feminino Preto com Branco Calçado feminino Confortável Scarpan Salto Fino Alto,"78,90",2mil+,davilishoes,23%,"R$18,15",https://shopee.com.br/product/1058402182/21099189142,https://s.shopee.com.br/3LRQsWthqQ
22198897838,Mesa Dobrável Metal Portátil Camping Praia Multiuso Piquenique Alumínio 50x53 Bolsa Bege,"79,89",483,MTEFULL,13%,"R$10,39",https://shopee.com.br/product/607167430/22198897838,https://s.shopee.com.br/3Vkr4pt4VT
6291229414,Kit 6 Peças Queen Cobre leito + Jogo de lençol 100% Algodão 180 fios Tecido Piquet,"199,90",5mil+,Rafamari enxovais,8%,"R$15,99",https://shopee.com.br/product/364871801/6291229414,https://s.shopee.com.br/4LJy4Mptoe
23997137369,Kit 6 / 3 Lâmpadas Led 50w Bulbo E27 6500k Branco Frio 110/220v Avant/Similar,"42,00",10mil+,QueroObra,3%,"R$1,26",https://shopee.com.br/product/563110312/23997137369,https://s.shopee.com.br/4VdOGfpGTh
23397989109,Lavadora Alta Pressão Lav1600 Vonder,"382,81",20mil+,Deend,8%,"R$30,62",https://shopee.com.br/product/939446263/23397989109,https://s.shopee.com.br/40h7fkrAUc
22198797147,"Prateleira para Banheiro de Metal Adesiva sem Furo, Rack de Parede Porta Shampoo e Sabonete, Organizador Box 1 a 4 Pçs","10,99",100mil+,MANGO-SHOP,12%,"R$1,32",https://shopee.com.br/product/1547995492/22198797147,https://s.shopee.com.br/4B0Xs3qX9f
18476802060,Cobre Leito Casal Queen Piquet Algodão 3 Peças,"117,27",480,Reluz Cortinas,23%,"R$26,97",https://shopee.com.br/product/376057528/18476802060,https://s.shopee.com.br/50ZeranMSq
20347984785,Maquina de Barbear cortar cabelo Aparador Profissional barbeador acabamento Sem Fio Portátil,"20,98",200mil+,RISESHOP_brasil,19%,"R$3,99",https://shopee.com.br/product/832036467/20347984785,https://s.shopee.com.br/5At53tmj7t
23998117702,Escova Elétrica Rotativa Para Limpeza 5 em 1 Sem Fio Recarregável Multiuso,"28,99",832,XQW - ELETRÔNICOS E VARIEDADES,28%,"R$8,12",https://shopee.com.br/product/406969593/23998117702,https://s.shopee.com.br/4fwoSyod8o
22497915927,Mesa Portátil para Notebook Home Office,"39,98",40mil+,CASA FULL,11%,"R$4,40",https://shopee.com.br/product/1278493331/22497915927,https://s.shopee.com.br/4qGEfHnznr
50166355325,Ultra Brilhante Doce Vermelho Metálico Vinil Envoltório Filme Liberação De Ar Auto Adesivo Diy Carro Motocicleta Bicicle,"52,46",32,Choice Oficial,9%,"R$4,72",https://shopee.com.br/product/1006215031/50166355325,https://s.shopee.com.br/LnpJ157w0
19099850967,Kit Fitness 6 em 1 Roda Abdominal Flexão Corda Elástico Hand Grip Tapete Treino em Casa,"56,99",4mil+,MULTIORIENTAL,33%,"R$18,81",https://shopee.com.br/product/1028459403/19099850967,https://s.shopee.com.br/W7FVK4Ub3
58210527223,Protetor De Carenagem Motor Titan Fan Start 150 160 Compativel 2015 até 2026,"184,13",1mil+,EL MOTO PARTS,13%,"R$23,94",https://shopee.com.br/product/1809825869/58210527223,https://s.shopee.com.br/1AyuP6Oby
22091325144,kit 3 camisas feminina básica baby look camiseta viscorycla com estampas novo,"49,50",352,joker_ji_cn,8%,"R$3,96",https://shopee.com.br/product/439954127/22091325144,https://s.shopee.com.br/BUP6i5lH1
20099239715,Kit 6 Peças Conjunto de Faca Carne Cutelo Legumes Aço Carbono Descascador Tesoura Profissional,"15,79",100mil+,SUPERTOFU SHOP,10%,"R$1,58",https://shopee.com.br/product/1042165059/20099239715,https://s.shopee.com.br/113W6F2aaC
48865600019,Caixa Caixinha De Som Bluetooth Pendrive Fm Sd Portátil 50w Preto Ipx4,"62,50",987,MLTX GROUP,23%,"R$14,38",https://shopee.com.br/product/1468001620/48865600019,https://s.shopee.com.br/1BMwIY1xFF
21798597083,Patinete infantil 3 rodas com led ajustável scooter dobrável menino menina,"59,90",70mil+,Na Web Group De Marcas,18%,"R$10,78",https://shopee.com.br/product/325008325/21798597083,https://s.shopee.com.br/gQfhd3rGA
23793148873,Esfregador Giratório Elétrico Escova Limpeza Elétrica 360 Graus 25W,"91,99",1mil+,XQW - ELETRÔNICOS E VARIEDADES,28%,"R$25,76",https://shopee.com.br/product/406969593/23793148873,https://s.shopee.com.br/qk5tw3DvD
27968827694,Tábua De Corte 304 Aço Inoxidável Antibacteriana À Prova De Mofo 46 cm tábua de cozinha,"24,79",80mil+,Zestify.br,9%,"R$2,23",https://shopee.com.br/product/1398934533/27968827694,https://s.shopee.com.br/1gJCtT03EO
20452224775,Kit 2 unidades Abajur La Finesse Cupula - Luminária Para Decoração Quarto e Sala,"56,80",40mil+,Haute Decor,22%,"R$12,50",https://shopee.com.br/product/699143044/20452224775,https://s.shopee.com.br/1qcd5lzPtR
22098010438,Extensão 5 Metros Bivolt 5 Tomadas E 4 Usb 1 Pd Led Bivolt Com botão WKC-541,"41,99",3mil+,XQW - ELETRÔNICOS E VARIEDADES,23%,"R$9,66",https://shopee.com.br/product/406969593/22098010438,https://s.shopee.com.br/1LgMUr1JuM
22294714916,Par Manete Freio Disco + Embreagem Honda Cg Fan Titan 125 150 160 Cromado Preto,"22,01",4mil+,jigashops,12%,"R$2,64",https://shopee.com.br/product/1664572997/22294714916,https://s.shopee.com.br/1VzmhA0gZP
22297710968,Máquina Seladora Embalagem A Vácuo Portátil Alimentos 110V Elétrica Embala Conservação + 10 Sacos,"37,99",8mil+,SKY MALL,15%,"R$5,70",https://shopee.com.br/product/392202270/22297710968,https://s.shopee.com.br/2LYtggxVsa
22094065661,Par Intercomunicador Capacete Comunicador Moto V6 Bluetooth,"108,99",3mil+,K7mart,7%,"R$7,63",https://shopee.com.br/product/1454176680/22094065661,https://s.shopee.com.br/2VsJszwsXd
28364706728,Carregador De Carro Cor Atmosfera Luz Transparente Habitação 4 USB 2 PD 12-24V Carregamento Rápido 97W,"21,28",6mil+,Choice Oficial,12%,"R$2,55",https://shopee.com.br/product/1006215031/28364706728,https://s.shopee.com.br/20w3I4ymYY
18931705150,Mini Processador Triturador Sem Fio Elétrico 250ML De Alimentos Para Legumes Alho Gengibre,"23,88",100mil+,RISESHOP_brasil,19%,"R$4,54",https://shopee.com.br/product/832036467/18931705150,https://s.shopee.com.br/2BFTUNy9Db
23393150421,Sandália Plana Confortável Rasteirinha Feminina com Strass,"38,00",10mil+,Universo do Calçado,38%,"R$14,44",https://shopee.com.br/product/445170723/23393150421,https://s.shopee.com.br/8pmNQdYlgu
22698794546,Ração Premier Golden Fórmula Cães Filhotes de Porte Médio e Grande Frango e Arroz 15kg,"162,90",117,Tudo de Bicho II,3%,"R$4,89",https://shopee.com.br/product/645931940/22698794546,https://s.shopee.com.br/8fSxEKZP1t
19798323901,"Campainha Com Câmera Vídeo Porteiro Sem Fio Wi-Fi HD Inteligente Smart Home Vê Pelo Celular -bombara
","47,00",7mil+,FLMAX,13%,"R$6,11",https://shopee.com.br/product/1643589827/19798323901,https://s.shopee.com.br/9APDpFXV10
21599717117,Omeleteira Agratto Mr Cheff Inox Redonda 127v / 220v,"100,73",20mil+,QueroObra,3%,"R$3,02",https://shopee.com.br/product/563110312/21599717117,https://s.shopee.com.br/905ncwY8Lz
41018235013,PARAFUSADEIRA E FURADEIRA A BATERIA PF21B2 21V COM DUAS BATERIAS F02 4979 - FALASCA,"129,90",4mil+,Falasca Ferramentas,18%,"R$23,38",https://shopee.com.br/product/335244857/41018235013,https://s.shopee.com.br/8AWgdPbJ2q
29392573808,Whiskas Sachê 85g – 16 Unid +4 Grátis Leve 20,"48,90",10mil+,Pet & Pet,10%,"R$4,89",https://shopee.com.br/product/706961933/29392573808,https://s.shopee.com.br/80DGR6bwNp
58202483331,Fone Bluetooth Sem Fio De Ouvido  BT-760 TWS Macaron Headphone Fone de Ouvido Envio Imediato,"40,99",1mil+,ModajdFeminina,21%,"R$8,61",https://shopee.com.br/product/217896078/58202483331,https://s.shopee.com.br/8V9X21a2Mw
23397431568,Sanduicheira Grill Elétrica 750W Antiaderente Koti Preta Faz 2 Sanduíches Rápido 110V ou 220V,"60,00",100mil+,lleelle,10%,"R$6,00",https://shopee.com.br/product/1031937868/23397431568,https://s.shopee.com.br/8Kq6piafhv
23398978791,Vassoura Rodo Escova 3 em 1 Esfregão Ajustável 180º para Limpeza Completa,"17,90",212,M5 Company,13%,"R$2,33",https://shopee.com.br/product/1612517620/23398978791,https://s.shopee.com.br/AAHl15TgzI
20198036810,Gancho De Parede Para Pendurar Capacete E Acessórios (escolha a quantidade),"10,19",20mil+,KL vendas Online,13%,"R$1,32",https://shopee.com.br/product/517658309/20198036810,https://s.shopee.com.br/9zyKomUKKH
23893711841,Piscina de plástico Borda Inflável 1000 Litros Pixlar,"147,80",576,WoxxerBikes,17%,"R$25,13",https://shopee.com.br/product/1425128853/23893711841,https://s.shopee.com.br/AUubPhSQJO
22593915398,Chaleira Elétrica Jarra Café Chá Inox 110v,"43,90",100mil+,SELLNEEDS,13%,"R$5,71",https://shopee.com.br/product/408653169/22593915398,https://s.shopee.com.br/AKbBDOT3eN
19165777869,Corta Vento Masculina Impermeável Semi Forrada PRETO Rock Saints,"59,89",100mil+,ROCKSAINTS,7%,"R$4,19",https://shopee.com.br/product/458953645/19165777869,https://s.shopee.com.br/9V24DrWELE
23497306416,kit 5 camisas feminina básica baby look camiseta viscorycla com estampas magarida,"74,80",168,joker_ji_cn,8%,"R$5,98",https://shopee.com.br/product/439954127/23497306416,https://s.shopee.com.br/9Kie1YWrgD
22993711209,Arranjo c/ 3 Trepadeira Folha de HERA + Vaso Trançado Marrom,"16,99",80mil+,SATO WORLD,28%,"R$4,76",https://shopee.com.br/product/1454188932/22993711209,https://s.shopee.com.br/9peucTUxfK
52407426682,Tênis de Corrida Masculino e Feminino Sapato de Moda Academia Caminhada Confortável do 33 ao 44,"71,62",9mil+,HOKON.br,14%,"R$10,03",https://shopee.com.br/product/1777841231/52407426682,https://s.shopee.com.br/9fLUQAVb0J
22893143878,"Snow Foam Pulverizador Espuma Manual 3 Em 1 , 2000ml Profissional Premium - BJB equipamentos","49,50",9mil+,BJB Equipamentos,19%,"R$9,41",https://shopee.com.br/product/801682840/22893143878,https://s.shopee.com.br/6AlcFjiv6e
9567404079,Kit Blusa Regata Alcinha Em Malha Suede,"31,98",60mil+,Moranga Moda Atacado,8%,"R$2,56",https://shopee.com.br/product/448717403/9567404079,https://s.shopee.com.br/60SC3QjYRd
22694204664,Cozedor De Ovos Portátil Elétrico Cozinha A Vapor 110v/220v,"29,98",100mil+,PENGFA TECH LTDA,11%,"R$3,30",https://shopee.com.br/product/1531826276/22694204664,https://s.shopee.com.br/6VOSeLheQk
22094301885,Macaquinho Fitness Alcinha Costas Abertas Zero Transparencia,"29,99",9mil+,kaizen Fitness,23%,"R$6,90",https://shopee.com.br/product/542450692/22094301885,https://s.shopee.com.br/6L52S2iHlj
22998436386,TÊNIS ESCOLAR INFANTIL-CALÇADOS JUVENIL MASCULINO FEMININO CRIANÇA PROMOÇAO,"69,93",220,STEP EVOLUTION,"7,03%","R$4,90",https://shopee.com.br/product/1184888270/22998436386,https://s.shopee.com.br/5VVvSVlSSa
22898221954,Kits de Meias Soquete Unissex Premium Masculina e Feminina,"10,99",10mil+,SHERON OUTLET,12%,"R$1,32",https://shopee.com.br/product/378129323/22898221954,https://s.shopee.com.br/5LCVGCm5nZ
19098273177,Carregador USB veicular Carro Barco Aeronave Turbo QC 3.0 60W Voltímetro e USB-C Para 12V/24V,"32,90",866,Planeta Dig,18%,"R$5,92",https://shopee.com.br/product/1600182988/19098273177,https://s.shopee.com.br/5q8lr7kBmg
22996800125,"Sandália Feminina Dourada Salto Alto 8,0cm Confortável Fashion Premium Exclusivo Estilo Único Moda","87,90",6mil+,Passos de Carmelita,23%,"R$20,22",https://shopee.com.br/product/989893839/22996800125,https://s.shopee.com.br/5fpLeokp7f
8253548303,Blusinha Regata Alcinha feminina regulavel diversas cores todos os tamanhos,"13,00",6mil+,samantha_modas,7%,"R$0,91",https://shopee.com.br/product/367013280/8253548303,https://s.shopee.com.br/7VGzqBdqP2
23197361124,"Cobertor Manta Casal Macio 2,00X1,80 Microfibra Liso Estampado Preço Baixo","29,90",1mil+,Lorena Decorações,13%,"R$3,89",https://shopee.com.br/product/436774346/23197361124,https://s.shopee.com.br/7KxZdseTk1
22798780300,Camiseta Unissex Algodão Gospel Cristã Jesus Salva,"29,67",1mil+,Kams Oficial,18%,"R$5,34",https://shopee.com.br/product/370608548/22798780300,https://s.shopee.com.br/7ptqEncZj8
21499250769,Mini Lâmpada De Mesa LED Alimentada Por Bateria Livro De Leitura com Clipe De suporte Luz Ajustável Portátil.,"12,99",100mil+,Folha Verde,13%,"R$1,69",https://shopee.com.br/product/461628122/21499250769,https://s.shopee.com.br/7faQ2UdD47
18298022046,"Kit 20 Potes Herméticos 2,3litros 1,1litro 480ml Organização","197,91",10mil+,eKing commerce,21%,"R$41,56",https://shopee.com.br/product/339586059/18298022046,https://s.shopee.com.br/6q1J2xgNky
19057496027,Jogo de Lençol Casal 4 Peças Napoli Percal 300 Fios Lese Bordado Inglês,"159,90",3mil+,Linda Casa,13%,"R$20,79",https://shopee.com.br/product/316749752/19057496027,https://s.shopee.com.br/6fhsqeh15x
22599021469,Chaleira Elétrica Térmica Moderno 1.5 L preta e branca 110V/220v OliverHome,"54,48",30mil+,Jacartta ,10%,"R$5,45",https://shopee.com.br/product/279375549/22599021469,https://s.shopee.com.br/7Ae9RZf754
23794311301,Vestido LONGO Verão Estampado Azul Tomara que Caia Com Elastex,"75,01",3mil+,modas.thais,17%,"R$12,75",https://shopee.com.br/product/1567895786/23794311301,https://s.shopee.com.br/70KjFGfkQ3
25721342244,Relógio Esportivo Digital Masculino À Prova D'água Silicone Pulseira Leve De Pulso Ao Ar Livre Presente,"12,57",100mil+,Choice Oficial,7%,"R$0,88",https://shopee.com.br/product/1006215031/25721342244,https://s.shopee.com.br/3Vkr4pt4WO
22593611054,Porta Papel Toalha Triplo Suporte Preto Rolos Para Cozinha 4 em 1,"19,00",10mil+,-MY BEST-,9%,"R$1,71",https://shopee.com.br/product/943776635/22593611054,https://s.shopee.com.br/3LRQsWthrN
23193828041,Cozedor De Ovos Elétrico 110V Para 7 Ovos Com Desligamento Automático Tampa Transparente Cozinha Saudável e Praticidade,"42,90",1mil+,Kluvon,33%,"R$14,16",https://shopee.com.br/product/1167776626/23193828041,https://s.shopee.com.br/3qNhTRrnqU
20304837729,Alarme Carro Pósitron Ex 360 Exact Universal Automotivo,"216,74",3mil+,Auto Equip Sc,7%,"R$15,17",https://shopee.com.br/product/600306931/20304837729,https://s.shopee.com.br/3g4HH8sRBT
18035524730,Kit 3 Blusas femininas Regata Franzida,"60,99",4mil+,Naufal,17%,"R$10,37",https://shopee.com.br/product/383040704/18035524730,https://s.shopee.com.br/2qVAHbvbsK
42418419125,Bolsa Feminina Lorena Vitória Palha Chic Alça Dupla (Mão + Transversal),"59,90",10mil+,MH BOLSAS,20%,"R$11,98",https://shopee.com.br/product/295994309/42418419125,https://s.shopee.com.br/2gBk5IwFDJ
18199332587,"Chaleira Elétrica Inox 1,8L Agratto 127v e 220v","62,89",8mil+,QueroObra,3%,"R$1,89",https://shopee.com.br/product/563110312/18199332587,https://s.shopee.com.br/3B80gDuLCQ
22998654209,Aspirador de Pó e Água + Líquidos 10 Litros 1.000W Muito Potente 127v Ou 220v - APV 1010 Vonder,"309,99",1mil+,Sombrisul Equipamentos,10%,"R$31,00",https://shopee.com.br/product/601021305/22998654209,https://s.shopee.com.br/30oaTuuyXP
22392814689,Conjunto Feminino Academia Suplex Poliamida Top e Short Com Elástico No Cós AVA Fitness,"69,90",30mil+,AVA Fitness Wear,23%,"R$16,08",https://shopee.com.br/product/1024306960/22392814689,https://s.shopee.com.br/4qGEfHnzom
18599880417,Ração para cães adulto porte médio e grande GranPlus Gourmet - 15kg,"197,99",48,ddpetfood,15%,"R$29,70",https://shopee.com.br/product/1581904021/18599880417,https://s.shopee.com.br/4fwoSyod9l
23897683390,"Fritadeira Sem Óleo Elétrica Air Fryer Asus 3,5 Litros 1400w Airfryer","199,99",52,QueroObra,3%,"R$6,00",https://shopee.com.br/product/563110312/23897683390,https://s.shopee.com.br/5At53tmj8s
45610825194,Kit 10 Marmitas Potes 750ml Travas Laterais hermeticas - Livres de BPA Alimentos organiza congelador - KAZIVA,"37,90",8mil+,Gaby Reborn,21%,"R$7,96",https://shopee.com.br/product/976415369/45610825194,https://s.shopee.com.br/50ZeranMTr
