Offer Name,Offer Period,Offer Type,Commission Rate,Offer Link
- - Health,"start: 2026-04-27
end: 2026-12-31",Category,5%,https://s.shopee.com.br/1LgEaCEaqK
- - Fashion Accessories,"start: 2026-04-27
end: 2026-12-31",Category,5%,https://s.shopee.com.br/1VzemVDxVN
- - Home Appliances,"start: 2026-04-27
end: 2026-12-31",Category,5%,https://s.shopee.com.br/1gJ4yoDKAQ
- - Men Clothes,"start: 2026-04-27
end: 2026-12-31",Category,5%,https://s.shopee.com.br/1qcVB7CgpT
- - Men Shoes,"start: 2026-04-27
end: 2026-12-31",Category,5%,https://s.shopee.com.br/3LRIxs6ymm
- - Mobile & Gadgets,"start: 2026-04-27
end: 2026-12-31",Category,5%,https://s.shopee.com.br/3VkjAB6LRp
- - Travel & Luggage,"start: 2026-04-27
end: 2026-12-31",Category,5%,https://s.shopee.com.br/3g49MU5i6s
- - Women Bags,"start: 2026-04-27
end: 2026-12-31",Category,5%,https://s.shopee.com.br/3qNZYn54lv
- - Women Clothes,"start: 2026-04-27
end: 2026-12-31",Category,5%,https://s.shopee.com.br/2gBcAe9W8i
- - Food Delivery,"start: 2026-04-27
end: 2026-12-31",Category,5%,https://s.shopee.com.br/2qV2Mx8snl
- - Women Shoes,"start: 2026-04-27
end: 2026-12-31",Category,5%,https://s.shopee.com.br/30oSZG8FSo
- - Men Bags,"start: 2026-04-27
end: 2026-12-31",Category,5%,https://s.shopee.com.br/3B7slZ7c7r
- - Watches,"start: 2026-04-27
end: 2026-12-31",Category,5%,https://s.shopee.com.br/4fwgYK1u5A
- - Audio,"start: 2026-04-27
end: 2026-12-31",Category,5%,https://s.shopee.com.br/4qG6kd1GkD
- - Food & Beverages,"start: 2026-04-27
end: 2026-12-31",Category,5%,https://s.shopee.com.br/50ZWww0dPG
- - Beauty,"start: 2026-04-27
end: 2026-12-31",Category,5%,https://s.shopee.com.br/5Asx9F004J
- - Pets,"start: 2026-04-27
end: 2026-12-31",Category,5%,https://s.shopee.com.br/40gzl64RR6
- - Mom & Baby,"start: 2026-04-27
end: 2026-12-31",Category,5%,https://s.shopee.com.br/4B0PxP3o69
- - Baby & Kids Fashion,"start: 2026-04-27
end: 2026-12-31",Category,5%,https://s.shopee.com.br/4LJq9i3AlC
- - Gaming & Consoles,"start: 2026-04-27
end: 2026-12-31",Category,5%,https://s.shopee.com.br/4VdGM12XQF
- - Cameras & Drones,"start: 2026-04-27
end: 2026-12-31",Category,5%,https://s.shopee.com.br/60S48lwpNY
- - Home & Construction,"start: 2026-04-27
end: 2026-12-31",Category,5%,https://s.shopee.com.br/6AlUL4wC2b
- - Sports & Outdoors,"start: 2026-04-27
end: 2026-12-31",Category,5%,https://s.shopee.com.br/6L4uXNvYhe
- - Stationery,"start: 2026-04-27
end: 2026-12-31",Category,5%,https://s.shopee.com.br/6VOKjguvMh
- - Toys & Hobbies,"start: 2026-04-27
end: 2026-12-31",Category,5%,https://s.shopee.com.br/5LCNLXzMjU
- - Automobiles,"start: 2026-04-27
end: 2026-12-31",Category,5%,https://s.shopee.com.br/5VVnXqyjOX
- - Motorcycles,"start: 2026-04-27
end: 2026-12-31",Category,5%,https://s.shopee.com.br/5fpDk9y63a
"- - Tickets, Vouchers & Services","start: 2026-04-27
end: 2026-12-31",Category,5%,https://s.shopee.com.br/5q8dwSxSid
- - Books & Magazines,"start: 2026-04-27
end: 2026-12-31",Category,5%,https://s.shopee.com.br/7KxRjDrkfw
- - Computers & Accessories,"start: 2026-04-27
end: 2026-12-31",Category,5%,https://s.shopee.com.br/7VGrvWr7Kz
